{"sub_ROI1_for_Application": [[[-0.642576, 8.172062], [-0.502478, 8.172062], [-0.502478, 8.339226], [-0.642576, 8.339226], [-0.642576, 8.172062]]], "sub_ROI2_for_Application": [[[-1.011302, 9.744245], [-0.929578, 9.744245], [-0.929578, 9.856564], [-1.011302, 9.856564], [-1.011302, 9.744245]]]}